word,weights
dark,-0.18805108681272942
opaque,-0.10201310322800904
light,-0.10013283456578598
pointed,-0.09646208816328894
smooth,-0.060899361862898405
large,-0.0576811353434912
small,-0.018862704620069105
asymmetric,-0.005347644815504104
transparent,0.0005043610786014171
low contrast,0.05305851529667531
symmetric,0.07129783464565141
round,0.10204476523081014
coarse,0.13762818194626175
high contrast,0.1759171236060034
